date,signal_as_of,cash,market_value,equity,positions,candidates,pending_orders,realized_pnl,unrealized_pnl,action,note
2026-08-10,2026-08-10,100000.00,0.00,100000.00,0,0,0,0.00,0.00,HOLD_CASH,"MA金叉收盘筛选为0只；2026-08-11无待成交买单"
2026-08-11,2026-08-11,100000.00,0.00,100000.00,0,0,0,0.00,0.00,HOLD_CASH,"MA金叉收盘筛选为0只；2026-08-12无待成交买单"
2026-08-12,2026-08-11,100000.00,0.00,100000.00,0,6,0,0.00,0.00,HOLD_CASH,"数据修复后复算8月11日出现6只候选；发现时已错过8月12日集合竞价开盘成交时点，不倒填理想成交，账户继续空仓"
2026-08-12,2026-08-12,100000.00,0.00,100000.00,0,0,0,0.00,0.00,HOLD_CASH,"8月12日收盘筛选为0只；2026-08-13无待成交买单"
2026-08-13,2026-08-13,100000.00,0.00,100000.00,0,0,0,0.00,0.00,HOLD_CASH,"MA金叉收盘筛选为0只；2026-08-14无待成交买单（补录）"
2026-08-14,2026-08-14,100000.00,0.00,100000.00,0,0,0,0.00,0.00,HOLD_CASH,"MA金叉收盘筛选为0只；下一交易日2026-08-17无待成交买单（补录）"
2026-08-17,2026-08-17,100000.00,0.00,100000.00,0,0,0,0.00,0.00,HOLD_CASH,"MA金叉收盘筛选为0只；2026-08-18无待成交买单（补录）"
2026-08-18,2026-08-18,100000.00,0.00,100000.00,0,0,0,0.00,0.00,HOLD_CASH,"MA金叉收盘筛选为0只；2026-08-19无待成交买单（补录）"
2026-08-19,2026-08-19,100000.00,0.00,100000.00,0,0,0,0.00,0.00,HOLD_CASH,"MA金叉收盘筛选为0只；2026-08-20无待成交买单（补录）"
2026-08-20,2026-08-19,100000.00,0.00,100000.00,0,0,0,0.00,0.00,NO_ACTION,"11:47盘中快照；昨日无信号、今日无订单；当日收盘信号尚未生成"
2026-08-20,2026-08-20,100000.00,0.00,100000.00,0,0,0,0.00,0.00,REPLAY_NO_SIGNAL,"使用v0.2.2当前数据回放：收盘筛选0只；非当日前向记录"
2026-08-21,2026-08-21,100000.00,0.00,100000.00,0,0,0,0.00,0.00,REPLAY_NO_SIGNAL,"使用v0.2.2当前数据回放：收盘筛选0只；非当日前向记录"
2026-08-24,2026-08-24,100000.00,0.00,100000.00,0,0,0,0.00,0.00,REPLAY_NO_SIGNAL,"使用v0.2.2当前数据回放：收盘筛选0只；非当日前向记录"
2026-08-25,2026-08-25,100000.00,0.00,100000.00,0,0,0,0.00,0.00,REPLAY_NO_SIGNAL,"使用v0.2.2当前数据回放：收盘筛选0只；非当日前向记录"
2026-08-26,2026-08-26,100000.00,0.00,100000.00,0,0,0,0.00,0.00,REPLAY_NO_SIGNAL,"使用v0.2.2当前数据回放：收盘筛选0只；非当日前向记录"
2026-08-27,2026-08-27,100000.00,0.00,100000.00,0,0,0,0.00,0.00,REPLAY_NO_SIGNAL,"使用v0.2.2当前数据回放：收盘筛选0只；非当日前向记录"
2026-08-28,2026-08-28,100000.00,0.00,100000.00,0,0,0,0.00,0.00,REPLAY_NO_SIGNAL,"使用v0.2.2当前数据回放：收盘筛选0只；非当日前向记录"
2026-08-31,2026-08-31,100000.00,0.00,100000.00,0,0,0,0.00,0.00,REPLAY_NO_SIGNAL,"使用v0.2.2当前数据回放：收盘筛选0只；非当日前向记录"
2026-09-01,2026-09-01,100000.00,0.00,100000.00,0,0,0,0.00,0.00,HOLD_CASH,"15:53盘后管道成功后前向记录：MA金叉筛选0只；2026-09-02无待成交买单"
